0x217D41C0267838AB9A5317003Ce243Aa7A36C91d,10
0x58f95e20d558408A6EfC92A88dbC44480B8BDd71,10
0x5442dE579E02F9C29599E0050b9CD8B5b6d2d58e,10
0x18CA04020c1aa80aA5800c1EAB804155AaB55B48,10
0x305093c07871232Aca31edafc65527eA37b9B0DB,10
0xe235aFeF55415284Ba40a7eD9aF05f56A7206b11,10
0x4F8eF9dcA5a0F18d89E057FA55f7305DdE7E7C13,10
0xC8CA6B01f4491fb925cf375B99148dd0eAE811da,10
0xc3ddeA136ea0F04a20A9655976ef9057CEc84399,10
0x424BAeB064331Dd572CAfb4e975a76063EAF1006,10
0x5cB33272ef16a71072815b6d2B9C3BAef7c4e03f,10
0x821E3bAE443b9E39560c46C51e8CEd7d51664b03,10
0x3d579Af4736d8Ec05784Ff841F20220fcF17bF9D,10
0x756A6aa43547fA8cCF02ab417E6c4c4747137346,10
0x638B108828fdE113759CC6d17d328B007A116857,10
0x8616db3196d3001a2b938AAa062a85A5eb57C47C,10
0x422ae0c6Ac894D2d7DA900a1Bc7e635225363CA4,10
0xdd9aCd81F2f560C467Ad66a15CB41b69dcBcC458,10
0x9d2CB1af5347338F64D1e6dAd2c349bE1898585e,10
0xd43002D70fbb9319cC08F906c84417BaBf1bDad9,10
0xB36E04AC1D7fb9837Ad782c6D6631672A45249f9,10
0x589a2A036fb11E3Ea3B567445EDD241C673feBf4,10
0x4caA42532eAcDfB59A6CfCE7a45BeE8Bd98fcc84,10
0xE7474f645eAd15977ca8807d03192678cD98D941,10
0x04d8468cD8fF1245Dc0dCB13507576cA3B13E128,10
0x0911D271d2EAf16D056Ef478D6dF2Ac732B985a5,10
0x14b278a5B086234E7e3AC38a74761387B5eB446c,10
0x18258f786e62BB850460e4011AD0d938e3c69022,10
0x2d99ad34038746b528810cd39461baf144795c66,10
0x363DBDbF8BbebC7C2c09ce38d0B2849E50403228,10
0x3D87a29251b44D4fEB149C9cBBe5c9C88695C11e,10
0x3F2427c120Fe4A03eB0ad64764B91859EDA6fD3b,10
0x50E03Ec693C18aE92b3c27f6661558159057D837,10
0x5d6B35F08F76B8f3c051aE16a1d630CdfCcd9756,10
0x7E344375103a0EF254e7Db09267914386edC35A2,10
0x8E746BdAb39E13a7b318a8A236c6953334EA650b,10
0x901a5482bf9ea38742b28edea7f10eec6984dd1c,10
0x9BC2bd09BF52E468956f05E50dd002bE2b64f5a7,10
0xa53fbDd92411F9679395798dbc96271734F974Ec,10
0xb90a4329ea7E49aAd163d6FF7e8818562087a666,10
0xcC99b8d89B6D51d3347640E49180e1FeD33BCbea,10
0xdc92663CD6dE16893472897304056BF7cf974c16,10
0xDD7CEf9d220D9F88af5e5AFc6f2FE4a15eCa257E,10
0xe0f8B001263C84e014AF15e1dB3DBDa5DFF6Dae5,10
0xe1928EaC63946504bF4078eF017C29eb01c7D7A7,10
0xf26D9158CEcff79ebeD835E1B76683F81eca3925,10
0xff4dc9A59178f857e1137eB36A3d1fDBc9A3d06E,10
0x5A7779922C8D400EdD2cfb652a34f3A5fdb7D463,10
0x2D546B332c064839A30e6fa3962d86E2E77C078d,10
0xD1147F39b93081c4A0Ba18578b83cd2F6b3ccf32,10
0x500b84667eE3956A9f5D52b83FA375353E94Fca1,10
0xfd33E388B3e0BDd02af7B9fE3DAEf774B624d2dC,10
0xEecfebF4A526caB3C2EDC4048927e7914Adb7Eb5,10
0x27bedc0d0fc58f25dfc2a86f0b679a7cf0ee3226,10